categorie,sous_categorie
Body Care,Body Care : Body Moisturizer
Body Care,Body Care : Body Oil
Body Care,Body Care : Hand Cream
Body Care,Body Care : Foot Care
Body Hygiene,Body Hygiene : Syndets
Body Hygiene,Body Hygiene : Shower Gel
Body Hygiene,Body Hygiene : Bath
Body Hygiene,Body Hygiene : Deodorant
Healing Care,Healing Care : Skin Repair
Healing Care,Healing Care : Cicatrisant
Healing Care,Healing Care : Anti-Itch
Healing Care,Healing Care : Wound Care
Face Care,Face Care : Moisturizer
Face Care,Face Care : Cleanser
Face Care,Face Care : Serum
Face Care,Face Care : Eye Cream
Face Care,Face Care : Sunscreen
Hair Care,Hair Care : Shampoo
Hair Care,Hair Care : Conditioner
Hair Care,Hair Care : Mask
Hair Care,Hair Care : Scalp Treatment
Baby Care,Baby Care : Body
Baby Care,Baby Care : Bath
Baby Care,Baby Care : Diaper
Baby Care,Baby Care : Face
Sun Care,Sun Care : Body SPF
Sun Care,Sun Care : Face SPF
Sun Care,Sun Care : After Sun
